﻿<?xml version="1.0" encoding="utf-8"?><HelpTOCNode Title="LPCParsing Methods" Url="html/Methods_T_Deadsouls_Creator_LPCParsing.htm"><HelpTOCNode Title="CompileMapping Method " Url="html/M_Deadsouls_Creator_LPCParsing_CompileMapping.htm" /><HelpTOCNode Title="CSVToLPCArray Method " Url="html/M_Deadsouls_Creator_LPCParsing_CSVToLPCArray.htm" /><HelpTOCNode Title="DeQuote Method " Url="html/M_Deadsouls_Creator_LPCParsing_DeQuote.htm" /><HelpTOCNode Title="GetBetween Method " Url="html/M_Deadsouls_Creator_LPCParsing_GetBetween.htm" /><HelpTOCNode Title="LPCArrayToCSV Method " Url="html/M_Deadsouls_Creator_LPCParsing_LPCArrayToCSV.htm" /><HelpTOCNode Title="ParseMapping Method " Url="html/M_Deadsouls_Creator_LPCParsing_ParseMapping.htm" /><HelpTOCNode Title="ReQuote Method " Url="html/M_Deadsouls_Creator_LPCParsing_ReQuote.htm" /><HelpTOCNode Title="SetBetween Method " Url="html/M_Deadsouls_Creator_LPCParsing_SetBetween.htm" /><HelpTOCNode Title="StripWhitepace Method " Url="html/M_Deadsouls_Creator_LPCParsing_StripWhitepace.htm" /></HelpTOCNode>