﻿<?xml version="1.0" encoding="utf-8"?><HelpTOCNode Title="Deadsouls_Creator" Url="html/N_Deadsouls_Creator.htm"><HelpTOCNode Title="AboutBox Class" Url="html/T_Deadsouls_Creator_AboutBox.htm" HasChildren="true" /><HelpTOCNode Title="Armour Class" Url="html/T_Deadsouls_Creator_Armour.htm" HasChildren="true" /><HelpTOCNode Title="ds_path_dialog Class" Url="html/T_Deadsouls_Creator_ds_path_dialog.htm" HasChildren="true" /><HelpTOCNode Title="FileEditor Class" Url="html/T_Deadsouls_Creator_FileEditor.htm" HasChildren="true" /><HelpTOCNode Title="FileScanDialog Class" Url="html/T_Deadsouls_Creator_FileScanDialog.htm" HasChildren="true" /><HelpTOCNode Title="ItemEditor Class" Url="html/T_Deadsouls_Creator_ItemEditor.htm" HasChildren="true" /><HelpTOCNode Title="LPCParsing Class" Url="html/T_Deadsouls_Creator_LPCParsing.htm" HasChildren="true" /><HelpTOCNode Title="LPCParsing.StringNotFoundException Class" Url="html/T_Deadsouls_Creator_LPCParsing_StringNotFoundException.htm" HasChildren="true" /><HelpTOCNode Title="MainApplicationWindow Class" Url="html/T_Deadsouls_Creator_MainApplicationWindow.htm" HasChildren="true" /><HelpTOCNode Title="MappingEditorMS Class" Url="html/T_Deadsouls_Creator_MappingEditorMS.htm" HasChildren="true" /><HelpTOCNode Title="MappingEditorSF Class" Url="html/T_Deadsouls_Creator_MappingEditorSF.htm" HasChildren="true" /><HelpTOCNode Title="NPCEditor Class" Url="html/T_Deadsouls_Creator_NPCEditor.htm" HasChildren="true" /><HelpTOCNode Title="RoomEditor Class" Url="html/T_Deadsouls_Creator_RoomEditor.htm" HasChildren="true" /><HelpTOCNode Title="StringPrompt Class" Url="html/T_Deadsouls_Creator_StringPrompt.htm" HasChildren="true" /><HelpTOCNode Title="WeaponEditor Class" Url="html/T_Deadsouls_Creator_WeaponEditor.htm" HasChildren="true" /></HelpTOCNode>