﻿<?xml version="1.0" encoding="utf-8"?>
<HelpKI>
  <HelpKINode Title="AboutBox class">
    <HelpKINode Title="AboutBox Class" Url="html/T_Deadsouls_Creator_AboutBox.htm" />
    <HelpKINode Title="about AboutBox class" Url="html/T_Deadsouls_Creator_AboutBox.htm" />
    <HelpKINode Title="constructor" Url="html/M_Deadsouls_Creator_AboutBox__ctor.htm" />
  </HelpKINode>
  <HelpKINode Title="AboutBox.AboutBox constructor" Url="html/M_Deadsouls_Creator_AboutBox__ctor.htm" />
  <HelpKINode Title="Armour class">
    <HelpKINode Title="Armour Class" Url="html/T_Deadsouls_Creator_Armour.htm" />
    <HelpKINode Title="about Armour class" Url="html/T_Deadsouls_Creator_Armour.htm" />
    <HelpKINode Title="constructor" Url="html/M_Deadsouls_Creator_Armour__ctor.htm" />
    <HelpKINode Title="fields" Url="html/Fields_T_Deadsouls_Creator_Armour.htm" />
    <HelpKINode Title="methods" Url="html/Methods_T_Deadsouls_Creator_Armour.htm" />
  </HelpKINode>
  <HelpKINode Title="Armour.Armour constructor" Url="html/M_Deadsouls_Creator_Armour__ctor.htm" />
  <HelpKINode Title="Armour.Dispose method" Url="html/M_Deadsouls_Creator_Armour_Dispose.htm" />
  <HelpKINode Title="Armour.filepath field" Url="html/F_Deadsouls_Creator_Armour_filepath.htm" />
  <HelpKINode Title="CompileMapping method" Url="html/M_Deadsouls_Creator_LPCParsing_CompileMapping.htm" />
  <HelpKINode Title="CSVToLPCArray method" Url="html/M_Deadsouls_Creator_LPCParsing_CSVToLPCArray.htm" />
  <HelpKINode Title="Deadsouls_Creator namespace" Url="html/N_Deadsouls_Creator.htm" />
  <HelpKINode Title="Deadsouls_Creator.AboutBox class" Url="html/T_Deadsouls_Creator_AboutBox.htm" />
  <HelpKINode Title="Deadsouls_Creator.Armour class" Url="html/T_Deadsouls_Creator_Armour.htm" />
  <HelpKINode Title="Deadsouls_Creator.ds_path_dialog class" Url="html/T_Deadsouls_Creator_ds_path_dialog.htm" />
  <HelpKINode Title="Deadsouls_Creator.FileEditor class" Url="html/T_Deadsouls_Creator_FileEditor.htm" />
  <HelpKINode Title="Deadsouls_Creator.FileScanDialog class" Url="html/T_Deadsouls_Creator_FileScanDialog.htm" />
  <HelpKINode Title="Deadsouls_Creator.ItemEditor class" Url="html/T_Deadsouls_Creator_ItemEditor.htm" />
  <HelpKINode Title="Deadsouls_Creator.LPCParsing class" Url="html/T_Deadsouls_Creator_LPCParsing.htm" />
  <HelpKINode Title="Deadsouls_Creator.LPCParsing.StringNotFoundException class" Url="html/T_Deadsouls_Creator_LPCParsing_StringNotFoundException.htm" />
  <HelpKINode Title="Deadsouls_Creator.MainApplicationWindow class" Url="html/T_Deadsouls_Creator_MainApplicationWindow.htm" />
  <HelpKINode Title="Deadsouls_Creator.MappingEditorMS class" Url="html/T_Deadsouls_Creator_MappingEditorMS.htm" />
  <HelpKINode Title="Deadsouls_Creator.MappingEditorSF class" Url="html/T_Deadsouls_Creator_MappingEditorSF.htm" />
  <HelpKINode Title="Deadsouls_Creator.NPCEditor class" Url="html/T_Deadsouls_Creator_NPCEditor.htm" />
  <HelpKINode Title="Deadsouls_Creator.RoomEditor class" Url="html/T_Deadsouls_Creator_RoomEditor.htm" />
  <HelpKINode Title="Deadsouls_Creator.StringPrompt class" Url="html/T_Deadsouls_Creator_StringPrompt.htm" />
  <HelpKINode Title="Deadsouls_Creator.WeaponEditor class" Url="html/T_Deadsouls_Creator_WeaponEditor.htm" />
  <HelpKINode Title="DeQuote method" Url="html/M_Deadsouls_Creator_LPCParsing_DeQuote.htm" />
  <HelpKINode Title="dialogValue field">
    <HelpKINode Title="FileEditor.dialogValue Field" Url="html/F_Deadsouls_Creator_FileEditor_dialogValue.htm" />
    <HelpKINode Title="MappingEditorMS.dialogValue Field" Url="html/F_Deadsouls_Creator_MappingEditorMS_dialogValue.htm" />
    <HelpKINode Title="MappingEditorSF.dialogValue Field" Url="html/F_Deadsouls_Creator_MappingEditorSF_dialogValue.htm" />
    <HelpKINode Title="StringPrompt.dialogValue Field" Url="html/F_Deadsouls_Creator_StringPrompt_dialogValue.htm" />
  </HelpKINode>
  <HelpKINode Title="Dispose method">
    <HelpKINode Title="Armour.Dispose Method " Url="html/M_Deadsouls_Creator_Armour_Dispose.htm" />
    <HelpKINode Title="ds_path_dialog.Dispose Method " Url="html/M_Deadsouls_Creator_ds_path_dialog_Dispose.htm" />
    <HelpKINode Title="FileEditor.Dispose Method " Url="html/M_Deadsouls_Creator_FileEditor_Dispose.htm" />
    <HelpKINode Title="FileScanDialog.Dispose Method " Url="html/M_Deadsouls_Creator_FileScanDialog_Dispose.htm" />
    <HelpKINode Title="ItemEditor.Dispose Method " Url="html/M_Deadsouls_Creator_ItemEditor_Dispose.htm" />
    <HelpKINode Title="MainApplicationWindow.Dispose Method " Url="html/M_Deadsouls_Creator_MainApplicationWindow_Dispose.htm" />
    <HelpKINode Title="MappingEditorMS.Dispose Method " Url="html/M_Deadsouls_Creator_MappingEditorMS_Dispose.htm" />
    <HelpKINode Title="MappingEditorSF.Dispose Method " Url="html/M_Deadsouls_Creator_MappingEditorSF_Dispose.htm" />
    <HelpKINode Title="NPCEditor.Dispose Method " Url="html/M_Deadsouls_Creator_NPCEditor_Dispose.htm" />
    <HelpKINode Title="RoomEditor.Dispose Method " Url="html/M_Deadsouls_Creator_RoomEditor_Dispose.htm" />
    <HelpKINode Title="StringPrompt.Dispose Method " Url="html/M_Deadsouls_Creator_StringPrompt_Dispose.htm" />
    <HelpKINode Title="WeaponEditor.Dispose Method " Url="html/M_Deadsouls_Creator_WeaponEditor_Dispose.htm" />
  </HelpKINode>
  <HelpKINode Title="ds_path_dialog class">
    <HelpKINode Title="ds_path_dialog Class" Url="html/T_Deadsouls_Creator_ds_path_dialog.htm" />
    <HelpKINode Title="about ds_path_dialog class" Url="html/T_Deadsouls_Creator_ds_path_dialog.htm" />
    <HelpKINode Title="constructor" Url="html/M_Deadsouls_Creator_ds_path_dialog__ctor.htm" />
    <HelpKINode Title="methods" Url="html/Methods_T_Deadsouls_Creator_ds_path_dialog.htm" />
  </HelpKINode>
  <HelpKINode Title="ds_path_dialog.Dispose method" Url="html/M_Deadsouls_Creator_ds_path_dialog_Dispose.htm" />
  <HelpKINode Title="ds_path_dialog.ds_path_dialog constructor" Url="html/M_Deadsouls_Creator_ds_path_dialog__ctor.htm" />
  <HelpKINode Title="FileEditor class">
    <HelpKINode Title="FileEditor Class" Url="html/T_Deadsouls_Creator_FileEditor.htm" />
    <HelpKINode Title="about FileEditor class" Url="html/T_Deadsouls_Creator_FileEditor.htm" />
    <HelpKINode Title="constructor" Url="html/M_Deadsouls_Creator_FileEditor__ctor.htm" />
    <HelpKINode Title="fields" Url="html/Fields_T_Deadsouls_Creator_FileEditor.htm" />
    <HelpKINode Title="methods" Url="html/Methods_T_Deadsouls_Creator_FileEditor.htm" />
  </HelpKINode>
  <HelpKINode Title="FileEditor.dialogValue field" Url="html/F_Deadsouls_Creator_FileEditor_dialogValue.htm" />
  <HelpKINode Title="FileEditor.Dispose method" Url="html/M_Deadsouls_Creator_FileEditor_Dispose.htm" />
  <HelpKINode Title="FileEditor.FileEditor constructor" Url="html/M_Deadsouls_Creator_FileEditor__ctor.htm" />
  <HelpKINode Title="fileList field" Url="html/F_Deadsouls_Creator_MappingEditorSF_fileList.htm" />
  <HelpKINode Title="filepath field">
    <HelpKINode Title="Armour.filepath Field" Url="html/F_Deadsouls_Creator_Armour_filepath.htm" />
    <HelpKINode Title="NPCEditor.filepath Field" Url="html/F_Deadsouls_Creator_NPCEditor_filepath.htm" />
    <HelpKINode Title="WeaponEditor.filepath Field" Url="html/F_Deadsouls_Creator_WeaponEditor_filepath.htm" />
  </HelpKINode>
  <HelpKINode Title="filePath field">
    <HelpKINode Title="RoomEditor.filePath Field" Url="html/F_Deadsouls_Creator_RoomEditor_filePath.htm" />
    <HelpKINode Title="ItemEditor.filePath Field" Url="html/F_Deadsouls_Creator_ItemEditor_filePath.htm" />
  </HelpKINode>
  <HelpKINode Title="FileScanDialog class">
    <HelpKINode Title="FileScanDialog Class" Url="html/T_Deadsouls_Creator_FileScanDialog.htm" />
    <HelpKINode Title="about FileScanDialog class" Url="html/T_Deadsouls_Creator_FileScanDialog.htm" />
    <HelpKINode Title="constructor" Url="html/M_Deadsouls_Creator_FileScanDialog__ctor.htm" />
    <HelpKINode Title="methods" Url="html/Methods_T_Deadsouls_Creator_FileScanDialog.htm" />
  </HelpKINode>
  <HelpKINode Title="FileScanDialog.Dispose method" Url="html/M_Deadsouls_Creator_FileScanDialog_Dispose.htm" />
  <HelpKINode Title="FileScanDialog.FileScanDialog constructor" Url="html/M_Deadsouls_Creator_FileScanDialog__ctor.htm" />
  <HelpKINode Title="fileTypeName field" Url="html/F_Deadsouls_Creator_MappingEditorSF_fileTypeName.htm" />
  <HelpKINode Title="GetBetween method" Url="html/M_Deadsouls_Creator_LPCParsing_GetBetween.htm" />
  <HelpKINode Title="ItemEditor class">
    <HelpKINode Title="ItemEditor Class" Url="html/T_Deadsouls_Creator_ItemEditor.htm" />
    <HelpKINode Title="about ItemEditor class" Url="html/T_Deadsouls_Creator_ItemEditor.htm" />
    <HelpKINode Title="constructor" Url="html/M_Deadsouls_Creator_ItemEditor__ctor.htm" />
    <HelpKINode Title="fields" Url="html/Fields_T_Deadsouls_Creator_ItemEditor.htm" />
    <HelpKINode Title="methods" Url="html/Methods_T_Deadsouls_Creator_ItemEditor.htm" />
  </HelpKINode>
  <HelpKINode Title="ItemEditor.Dispose method" Url="html/M_Deadsouls_Creator_ItemEditor_Dispose.htm" />
  <HelpKINode Title="ItemEditor.filePath field" Url="html/F_Deadsouls_Creator_ItemEditor_filePath.htm" />
  <HelpKINode Title="ItemEditor.ItemEditor constructor" Url="html/M_Deadsouls_Creator_ItemEditor__ctor.htm" />
  <HelpKINode Title="LPCArrayToCSV method" Url="html/M_Deadsouls_Creator_LPCParsing_LPCArrayToCSV.htm" />
  <HelpKINode Title="LPCParsing class">
    <HelpKINode Title="LPCParsing Class" Url="html/T_Deadsouls_Creator_LPCParsing.htm" />
    <HelpKINode Title="about LPCParsing class" Url="html/T_Deadsouls_Creator_LPCParsing.htm" />
    <HelpKINode Title="methods" Url="html/Methods_T_Deadsouls_Creator_LPCParsing.htm" />
  </HelpKINode>
  <HelpKINode Title="LPCParsing.CompileMapping method" Url="html/M_Deadsouls_Creator_LPCParsing_CompileMapping.htm" />
  <HelpKINode Title="LPCParsing.CSVToLPCArray method" Url="html/M_Deadsouls_Creator_LPCParsing_CSVToLPCArray.htm" />
  <HelpKINode Title="LPCParsing.DeQuote method" Url="html/M_Deadsouls_Creator_LPCParsing_DeQuote.htm" />
  <HelpKINode Title="LPCParsing.GetBetween method" Url="html/M_Deadsouls_Creator_LPCParsing_GetBetween.htm" />
  <HelpKINode Title="LPCParsing.LPCArrayToCSV method" Url="html/M_Deadsouls_Creator_LPCParsing_LPCArrayToCSV.htm" />
  <HelpKINode Title="LPCParsing.ParseMapping method" Url="html/M_Deadsouls_Creator_LPCParsing_ParseMapping.htm" />
  <HelpKINode Title="LPCParsing.ReQuote method" Url="html/M_Deadsouls_Creator_LPCParsing_ReQuote.htm" />
  <HelpKINode Title="LPCParsing.SetBetween method" Url="html/M_Deadsouls_Creator_LPCParsing_SetBetween.htm" />
  <HelpKINode Title="LPCParsing.StringNotFoundException class">
    <HelpKINode Title="LPCParsing.StringNotFoundException Class" Url="html/T_Deadsouls_Creator_LPCParsing_StringNotFoundException.htm" />
    <HelpKINode Title="about LPCParsing.StringNotFoundException class" Url="html/T_Deadsouls_Creator_LPCParsing_StringNotFoundException.htm" />
    <HelpKINode Title="constructor" Url="html/Overload_Deadsouls_Creator_LPCParsing_StringNotFoundException__ctor.htm" />
  </HelpKINode>
  <HelpKINode Title="LPCParsing.StringNotFoundException.StringNotFoundException constructor" Url="html/Overload_Deadsouls_Creator_LPCParsing_StringNotFoundException__ctor.htm" />
  <HelpKINode Title="LPCParsing.StripWhitepace method" Url="html/M_Deadsouls_Creator_LPCParsing_StripWhitepace.htm" />
  <HelpKINode Title="MainApplicationWindow class">
    <HelpKINode Title="MainApplicationWindow Class" Url="html/T_Deadsouls_Creator_MainApplicationWindow.htm" />
    <HelpKINode Title="about MainApplicationWindow class" Url="html/T_Deadsouls_Creator_MainApplicationWindow.htm" />
    <HelpKINode Title="constructor" Url="html/M_Deadsouls_Creator_MainApplicationWindow__ctor.htm" />
    <HelpKINode Title="methods" Url="html/Methods_T_Deadsouls_Creator_MainApplicationWindow.htm" />
  </HelpKINode>
  <HelpKINode Title="MainApplicationWindow.Dispose method" Url="html/M_Deadsouls_Creator_MainApplicationWindow_Dispose.htm" />
  <HelpKINode Title="MainApplicationWindow.MainApplicationWindow constructor" Url="html/M_Deadsouls_Creator_MainApplicationWindow__ctor.htm" />
  <HelpKINode Title="MappingEditorMS class">
    <HelpKINode Title="MappingEditorMS Class" Url="html/T_Deadsouls_Creator_MappingEditorMS.htm" />
    <HelpKINode Title="about MappingEditorMS class" Url="html/T_Deadsouls_Creator_MappingEditorMS.htm" />
    <HelpKINode Title="constructor" Url="html/M_Deadsouls_Creator_MappingEditorMS__ctor.htm" />
    <HelpKINode Title="fields" Url="html/Fields_T_Deadsouls_Creator_MappingEditorMS.htm" />
    <HelpKINode Title="methods" Url="html/Methods_T_Deadsouls_Creator_MappingEditorMS.htm" />
  </HelpKINode>
  <HelpKINode Title="MappingEditorMS.dialogValue field" Url="html/F_Deadsouls_Creator_MappingEditorMS_dialogValue.htm" />
  <HelpKINode Title="MappingEditorMS.Dispose method" Url="html/M_Deadsouls_Creator_MappingEditorMS_Dispose.htm" />
  <HelpKINode Title="MappingEditorMS.MappingEditorMS constructor" Url="html/M_Deadsouls_Creator_MappingEditorMS__ctor.htm" />
  <HelpKINode Title="MappingEditorSF class">
    <HelpKINode Title="MappingEditorSF Class" Url="html/T_Deadsouls_Creator_MappingEditorSF.htm" />
    <HelpKINode Title="about MappingEditorSF class" Url="html/T_Deadsouls_Creator_MappingEditorSF.htm" />
    <HelpKINode Title="constructor" Url="html/M_Deadsouls_Creator_MappingEditorSF__ctor.htm" />
    <HelpKINode Title="fields" Url="html/Fields_T_Deadsouls_Creator_MappingEditorSF.htm" />
    <HelpKINode Title="methods" Url="html/Methods_T_Deadsouls_Creator_MappingEditorSF.htm" />
  </HelpKINode>
  <HelpKINode Title="MappingEditorSF.dialogValue field" Url="html/F_Deadsouls_Creator_MappingEditorSF_dialogValue.htm" />
  <HelpKINode Title="MappingEditorSF.Dispose method" Url="html/M_Deadsouls_Creator_MappingEditorSF_Dispose.htm" />
  <HelpKINode Title="MappingEditorSF.fileList field" Url="html/F_Deadsouls_Creator_MappingEditorSF_fileList.htm" />
  <HelpKINode Title="MappingEditorSF.fileTypeName field" Url="html/F_Deadsouls_Creator_MappingEditorSF_fileTypeName.htm" />
  <HelpKINode Title="MappingEditorSF.MappingEditorSF constructor" Url="html/M_Deadsouls_Creator_MappingEditorSF__ctor.htm" />
  <HelpKINode Title="NPCEditor class">
    <HelpKINode Title="NPCEditor Class" Url="html/T_Deadsouls_Creator_NPCEditor.htm" />
    <HelpKINode Title="about NPCEditor class" Url="html/T_Deadsouls_Creator_NPCEditor.htm" />
    <HelpKINode Title="constructor" Url="html/M_Deadsouls_Creator_NPCEditor__ctor.htm" />
    <HelpKINode Title="fields" Url="html/Fields_T_Deadsouls_Creator_NPCEditor.htm" />
    <HelpKINode Title="methods" Url="html/Methods_T_Deadsouls_Creator_NPCEditor.htm" />
  </HelpKINode>
  <HelpKINode Title="NPCEditor.Dispose method" Url="html/M_Deadsouls_Creator_NPCEditor_Dispose.htm" />
  <HelpKINode Title="NPCEditor.filepath field" Url="html/F_Deadsouls_Creator_NPCEditor_filepath.htm" />
  <HelpKINode Title="NPCEditor.NPCEditor constructor" Url="html/M_Deadsouls_Creator_NPCEditor__ctor.htm" />
  <HelpKINode Title="ParseMapping method" Url="html/M_Deadsouls_Creator_LPCParsing_ParseMapping.htm" />
  <HelpKINode Title="ReQuote method" Url="html/M_Deadsouls_Creator_LPCParsing_ReQuote.htm" />
  <HelpKINode Title="RoomEditor class">
    <HelpKINode Title="RoomEditor Class" Url="html/T_Deadsouls_Creator_RoomEditor.htm" />
    <HelpKINode Title="about RoomEditor class" Url="html/T_Deadsouls_Creator_RoomEditor.htm" />
    <HelpKINode Title="constructor" Url="html/M_Deadsouls_Creator_RoomEditor__ctor.htm" />
    <HelpKINode Title="fields" Url="html/Fields_T_Deadsouls_Creator_RoomEditor.htm" />
    <HelpKINode Title="methods" Url="html/Methods_T_Deadsouls_Creator_RoomEditor.htm" />
  </HelpKINode>
  <HelpKINode Title="RoomEditor.Dispose method" Url="html/M_Deadsouls_Creator_RoomEditor_Dispose.htm" />
  <HelpKINode Title="RoomEditor.filePath field" Url="html/F_Deadsouls_Creator_RoomEditor_filePath.htm" />
  <HelpKINode Title="RoomEditor.RoomEditor constructor" Url="html/M_Deadsouls_Creator_RoomEditor__ctor.htm" />
  <HelpKINode Title="SetBetween method" Url="html/M_Deadsouls_Creator_LPCParsing_SetBetween.htm" />
  <HelpKINode Title="StringPrompt class">
    <HelpKINode Title="StringPrompt Class" Url="html/T_Deadsouls_Creator_StringPrompt.htm" />
    <HelpKINode Title="about StringPrompt class" Url="html/T_Deadsouls_Creator_StringPrompt.htm" />
    <HelpKINode Title="constructor" Url="html/M_Deadsouls_Creator_StringPrompt__ctor.htm" />
    <HelpKINode Title="fields" Url="html/Fields_T_Deadsouls_Creator_StringPrompt.htm" />
    <HelpKINode Title="methods" Url="html/Methods_T_Deadsouls_Creator_StringPrompt.htm" />
  </HelpKINode>
  <HelpKINode Title="StringPrompt.dialogValue field" Url="html/F_Deadsouls_Creator_StringPrompt_dialogValue.htm" />
  <HelpKINode Title="StringPrompt.Dispose method" Url="html/M_Deadsouls_Creator_StringPrompt_Dispose.htm" />
  <HelpKINode Title="StringPrompt.StringPrompt constructor" Url="html/M_Deadsouls_Creator_StringPrompt__ctor.htm" />
  <HelpKINode Title="StripWhitepace method" Url="html/M_Deadsouls_Creator_LPCParsing_StripWhitepace.htm" />
  <HelpKINode Title="WeaponEditor class">
    <HelpKINode Title="WeaponEditor Class" Url="html/T_Deadsouls_Creator_WeaponEditor.htm" />
    <HelpKINode Title="about WeaponEditor class" Url="html/T_Deadsouls_Creator_WeaponEditor.htm" />
    <HelpKINode Title="constructor" Url="html/M_Deadsouls_Creator_WeaponEditor__ctor.htm" />
    <HelpKINode Title="fields" Url="html/Fields_T_Deadsouls_Creator_WeaponEditor.htm" />
    <HelpKINode Title="methods" Url="html/Methods_T_Deadsouls_Creator_WeaponEditor.htm" />
  </HelpKINode>
  <HelpKINode Title="WeaponEditor.Dispose method" Url="html/M_Deadsouls_Creator_WeaponEditor_Dispose.htm" />
  <HelpKINode Title="WeaponEditor.filepath field" Url="html/F_Deadsouls_Creator_WeaponEditor_filepath.htm" />
  <HelpKINode Title="WeaponEditor.WeaponEditor constructor" Url="html/M_Deadsouls_Creator_WeaponEditor__ctor.htm" />
</HelpKI>
