﻿<?xml version="1.0" encoding="utf-8"?>
<HelpTOC>

  <HelpTOCNode Id="1970b2c3-390e-4437-b95a-5eb22eaf36b3" Title="Deadsouls_Creator" Url="html/N_Deadsouls_Creator.htm">
    <HelpTOCNode Id="ccc318a0-c8dd-4266-883b-ddf1d2794c86" Title="AboutBox Class" Url="html/T_Deadsouls_Creator_AboutBox.htm">
      <HelpTOCNode Title="AboutBox Constructor " Url="html/M_Deadsouls_Creator_AboutBox__ctor.htm" />
    </HelpTOCNode>
    <HelpTOCNode Id="79103867-0466-444d-971e-f57a1ae57e40" Title="Armour Class" Url="html/T_Deadsouls_Creator_Armour.htm">
      <HelpTOCNode Title="Armour Constructor " Url="html/M_Deadsouls_Creator_Armour__ctor.htm" />
      <HelpTOCNode Id="3d87e595-abf6-475d-b98f-1c3be8de430e" Title="Armour Fields" Url="html/Fields_T_Deadsouls_Creator_Armour.htm">
        <HelpTOCNode Title="filepath Field" Url="html/F_Deadsouls_Creator_Armour_filepath.htm" />
      </HelpTOCNode>
      <HelpTOCNode Id="b68121ac-e5ab-437b-8388-216b8c33e306" Title="Armour Methods" Url="html/Methods_T_Deadsouls_Creator_Armour.htm">
        <HelpTOCNode Title="Dispose Method " Url="html/M_Deadsouls_Creator_Armour_Dispose.htm" />
      </HelpTOCNode>
    </HelpTOCNode>
    <HelpTOCNode Id="c2464292-9104-4756-967a-855fad26f1e5" Title="ds_path_dialog Class" Url="html/T_Deadsouls_Creator_ds_path_dialog.htm">
      <HelpTOCNode Title="ds_path_dialog Constructor " Url="html/M_Deadsouls_Creator_ds_path_dialog__ctor.htm" />
      <HelpTOCNode Id="c3bb609f-e242-4236-817a-9c63835a39f7" Title="ds_path_dialog Methods" Url="html/Methods_T_Deadsouls_Creator_ds_path_dialog.htm">
        <HelpTOCNode Title="Dispose Method " Url="html/M_Deadsouls_Creator_ds_path_dialog_Dispose.htm" />
      </HelpTOCNode>
    </HelpTOCNode>
    <HelpTOCNode Id="23eb199e-c550-48f8-b5cf-26ded02083dd" Title="FileEditor Class" Url="html/T_Deadsouls_Creator_FileEditor.htm">
      <HelpTOCNode Title="FileEditor Constructor " Url="html/M_Deadsouls_Creator_FileEditor__ctor.htm" />
      <HelpTOCNode Id="1da6fd27-9532-4638-a547-793de1482655" Title="FileEditor Fields" Url="html/Fields_T_Deadsouls_Creator_FileEditor.htm">
        <HelpTOCNode Title="dialogValue Field" Url="html/F_Deadsouls_Creator_FileEditor_dialogValue.htm" />
      </HelpTOCNode>
      <HelpTOCNode Id="afd692fe-2567-41c3-aacf-8b415a1871e2" Title="FileEditor Methods" Url="html/Methods_T_Deadsouls_Creator_FileEditor.htm">
        <HelpTOCNode Title="Dispose Method " Url="html/M_Deadsouls_Creator_FileEditor_Dispose.htm" />
      </HelpTOCNode>
    </HelpTOCNode>
    <HelpTOCNode Id="6acdbfed-3d50-42f8-9735-a13b3f89d58b" Title="FileScanDialog Class" Url="html/T_Deadsouls_Creator_FileScanDialog.htm">
      <HelpTOCNode Title="FileScanDialog Constructor " Url="html/M_Deadsouls_Creator_FileScanDialog__ctor.htm" />
      <HelpTOCNode Id="88ab6571-d63c-41b8-8028-fdef7829cc3c" Title="FileScanDialog Methods" Url="html/Methods_T_Deadsouls_Creator_FileScanDialog.htm">
        <HelpTOCNode Title="Dispose Method " Url="html/M_Deadsouls_Creator_FileScanDialog_Dispose.htm" />
      </HelpTOCNode>
    </HelpTOCNode>
    <HelpTOCNode Id="f214aa23-aa3d-467e-853f-0f247c5b20a5" Title="ItemEditor Class" Url="html/T_Deadsouls_Creator_ItemEditor.htm">
      <HelpTOCNode Title="ItemEditor Constructor " Url="html/M_Deadsouls_Creator_ItemEditor__ctor.htm" />
      <HelpTOCNode Id="8682ef99-c89b-461e-bfbb-4b3d1a3640db" Title="ItemEditor Fields" Url="html/Fields_T_Deadsouls_Creator_ItemEditor.htm">
        <HelpTOCNode Title="filePath Field" Url="html/F_Deadsouls_Creator_ItemEditor_filePath.htm" />
      </HelpTOCNode>
      <HelpTOCNode Id="43c03c9f-f30d-4fa9-9468-13e307415b94" Title="ItemEditor Methods" Url="html/Methods_T_Deadsouls_Creator_ItemEditor.htm">
        <HelpTOCNode Title="Dispose Method " Url="html/M_Deadsouls_Creator_ItemEditor_Dispose.htm" />
      </HelpTOCNode>
    </HelpTOCNode>
    <HelpTOCNode Id="191dfbf6-d54b-42e1-888b-312316145bb9" Title="LPCParsing Class" Url="html/T_Deadsouls_Creator_LPCParsing.htm">
      <HelpTOCNode Id="b2b4ac03-6b28-4d98-9fd6-297f7310214f" Title="LPCParsing Methods" Url="html/Methods_T_Deadsouls_Creator_LPCParsing.htm">
        <HelpTOCNode Title="CompileMapping Method " Url="html/M_Deadsouls_Creator_LPCParsing_CompileMapping.htm" />
        <HelpTOCNode Title="CSVToLPCArray Method " Url="html/M_Deadsouls_Creator_LPCParsing_CSVToLPCArray.htm" />
        <HelpTOCNode Title="DeQuote Method " Url="html/M_Deadsouls_Creator_LPCParsing_DeQuote.htm" />
        <HelpTOCNode Title="GetBetween Method " Url="html/M_Deadsouls_Creator_LPCParsing_GetBetween.htm" />
        <HelpTOCNode Title="LPCArrayToCSV Method " Url="html/M_Deadsouls_Creator_LPCParsing_LPCArrayToCSV.htm" />
        <HelpTOCNode Title="ParseMapping Method " Url="html/M_Deadsouls_Creator_LPCParsing_ParseMapping.htm" />
        <HelpTOCNode Title="ReQuote Method " Url="html/M_Deadsouls_Creator_LPCParsing_ReQuote.htm" />
        <HelpTOCNode Title="SetBetween Method " Url="html/M_Deadsouls_Creator_LPCParsing_SetBetween.htm" />
        <HelpTOCNode Title="StripWhitepace Method " Url="html/M_Deadsouls_Creator_LPCParsing_StripWhitepace.htm" />
      </HelpTOCNode>
    </HelpTOCNode>
    <HelpTOCNode Id="3994f939-1c91-4268-8940-bac5f3d10387" Title="LPCParsing.StringNotFoundException Class" Url="html/T_Deadsouls_Creator_LPCParsing_StringNotFoundException.htm">
      <HelpTOCNode Id="8ce4fa9f-f841-4a5a-b9c7-28953b7b143a" Title="StringNotFoundException Constructor " Url="html/Overload_Deadsouls_Creator_LPCParsing_StringNotFoundException__ctor.htm">
        <HelpTOCNode Title="LPCParsing.StringNotFoundException Constructor " Url="html/M_Deadsouls_Creator_LPCParsing_StringNotFoundException__ctor.htm" />
        <HelpTOCNode Title="LPCParsing.StringNotFoundException Constructor (String)" Url="html/M_Deadsouls_Creator_LPCParsing_StringNotFoundException__ctor_1.htm" />
        <HelpTOCNode Title="LPCParsing.StringNotFoundException Constructor (String, Exception)" Url="html/M_Deadsouls_Creator_LPCParsing_StringNotFoundException__ctor_2.htm" />
      </HelpTOCNode>
    </HelpTOCNode>
    <HelpTOCNode Id="6626aea7-b75f-4c6c-895e-a7d3f4d00861" Title="MainApplicationWindow Class" Url="html/T_Deadsouls_Creator_MainApplicationWindow.htm">
      <HelpTOCNode Title="MainApplicationWindow Constructor " Url="html/M_Deadsouls_Creator_MainApplicationWindow__ctor.htm" />
      <HelpTOCNode Id="0b18a0e7-5dd8-432b-b200-d0c1e8c81e0c" Title="MainApplicationWindow Methods" Url="html/Methods_T_Deadsouls_Creator_MainApplicationWindow.htm">
        <HelpTOCNode Title="Dispose Method " Url="html/M_Deadsouls_Creator_MainApplicationWindow_Dispose.htm" />
      </HelpTOCNode>
    </HelpTOCNode>
    <HelpTOCNode Id="a605756e-f52a-4e53-814d-811fc45a40e9" Title="MappingEditorMS Class" Url="html/T_Deadsouls_Creator_MappingEditorMS.htm">
      <HelpTOCNode Title="MappingEditorMS Constructor " Url="html/M_Deadsouls_Creator_MappingEditorMS__ctor.htm" />
      <HelpTOCNode Id="18907723-f58d-401b-8651-69eb43dec69e" Title="MappingEditorMS Fields" Url="html/Fields_T_Deadsouls_Creator_MappingEditorMS.htm">
        <HelpTOCNode Title="dialogValue Field" Url="html/F_Deadsouls_Creator_MappingEditorMS_dialogValue.htm" />
      </HelpTOCNode>
      <HelpTOCNode Id="6e34e9ef-51e0-46bf-a92d-18e3d132caa3" Title="MappingEditorMS Methods" Url="html/Methods_T_Deadsouls_Creator_MappingEditorMS.htm">
        <HelpTOCNode Title="Dispose Method " Url="html/M_Deadsouls_Creator_MappingEditorMS_Dispose.htm" />
      </HelpTOCNode>
    </HelpTOCNode>
    <HelpTOCNode Id="704406e3-abfc-4356-8cbd-751499651cdf" Title="MappingEditorSF Class" Url="html/T_Deadsouls_Creator_MappingEditorSF.htm">
      <HelpTOCNode Title="MappingEditorSF Constructor " Url="html/M_Deadsouls_Creator_MappingEditorSF__ctor.htm" />
      <HelpTOCNode Id="70182560-c34e-466a-990b-d63a6f9d4d53" Title="MappingEditorSF Fields" Url="html/Fields_T_Deadsouls_Creator_MappingEditorSF.htm">
        <HelpTOCNode Title="dialogValue Field" Url="html/F_Deadsouls_Creator_MappingEditorSF_dialogValue.htm" />
        <HelpTOCNode Title="fileList Field" Url="html/F_Deadsouls_Creator_MappingEditorSF_fileList.htm" />
        <HelpTOCNode Title="fileTypeName Field" Url="html/F_Deadsouls_Creator_MappingEditorSF_fileTypeName.htm" />
      </HelpTOCNode>
      <HelpTOCNode Id="9d289459-e3f3-480b-b8ee-3d6e19e508dd" Title="MappingEditorSF Methods" Url="html/Methods_T_Deadsouls_Creator_MappingEditorSF.htm">
        <HelpTOCNode Title="Dispose Method " Url="html/M_Deadsouls_Creator_MappingEditorSF_Dispose.htm" />
      </HelpTOCNode>
    </HelpTOCNode>
    <HelpTOCNode Id="cc685f57-cdbe-40f7-b30b-a3a05f12571a" Title="NPCEditor Class" Url="html/T_Deadsouls_Creator_NPCEditor.htm">
      <HelpTOCNode Title="NPCEditor Constructor " Url="html/M_Deadsouls_Creator_NPCEditor__ctor.htm" />
      <HelpTOCNode Id="c424db37-030e-41cf-9b3c-83f12f6d4f65" Title="NPCEditor Fields" Url="html/Fields_T_Deadsouls_Creator_NPCEditor.htm">
        <HelpTOCNode Title="filepath Field" Url="html/F_Deadsouls_Creator_NPCEditor_filepath.htm" />
      </HelpTOCNode>
      <HelpTOCNode Id="11b29b92-fee3-43f6-ada7-a5f93e058a4f" Title="NPCEditor Methods" Url="html/Methods_T_Deadsouls_Creator_NPCEditor.htm">
        <HelpTOCNode Title="Dispose Method " Url="html/M_Deadsouls_Creator_NPCEditor_Dispose.htm" />
      </HelpTOCNode>
    </HelpTOCNode>
    <HelpTOCNode Id="e5524b98-e0d1-49ba-9a48-2901e92d48aa" Title="RoomEditor Class" Url="html/T_Deadsouls_Creator_RoomEditor.htm">
      <HelpTOCNode Title="RoomEditor Constructor " Url="html/M_Deadsouls_Creator_RoomEditor__ctor.htm" />
      <HelpTOCNode Id="df984271-a8ae-4e69-a8c0-23d2f1ace9b3" Title="RoomEditor Fields" Url="html/Fields_T_Deadsouls_Creator_RoomEditor.htm">
        <HelpTOCNode Title="filePath Field" Url="html/F_Deadsouls_Creator_RoomEditor_filePath.htm" />
      </HelpTOCNode>
      <HelpTOCNode Id="ca5d3ed6-d351-431e-aeb5-feb2131b972f" Title="RoomEditor Methods" Url="html/Methods_T_Deadsouls_Creator_RoomEditor.htm">
        <HelpTOCNode Title="Dispose Method " Url="html/M_Deadsouls_Creator_RoomEditor_Dispose.htm" />
      </HelpTOCNode>
    </HelpTOCNode>
    <HelpTOCNode Id="8a727eed-845f-461e-a428-f3d888a12c87" Title="StringPrompt Class" Url="html/T_Deadsouls_Creator_StringPrompt.htm">
      <HelpTOCNode Title="StringPrompt Constructor " Url="html/M_Deadsouls_Creator_StringPrompt__ctor.htm" />
      <HelpTOCNode Id="f8de23b6-dd12-4810-96c4-3cb87759b10b" Title="StringPrompt Fields" Url="html/Fields_T_Deadsouls_Creator_StringPrompt.htm">
        <HelpTOCNode Title="dialogValue Field" Url="html/F_Deadsouls_Creator_StringPrompt_dialogValue.htm" />
      </HelpTOCNode>
      <HelpTOCNode Id="82910d02-158b-4e7a-b96f-89daa4a7d55e" Title="StringPrompt Methods" Url="html/Methods_T_Deadsouls_Creator_StringPrompt.htm">
        <HelpTOCNode Title="Dispose Method " Url="html/M_Deadsouls_Creator_StringPrompt_Dispose.htm" />
      </HelpTOCNode>
    </HelpTOCNode>
    <HelpTOCNode Id="0b33d9ff-67bd-4573-8886-5bd3c497e62e" Title="WeaponEditor Class" Url="html/T_Deadsouls_Creator_WeaponEditor.htm">
      <HelpTOCNode Title="WeaponEditor Constructor " Url="html/M_Deadsouls_Creator_WeaponEditor__ctor.htm" />
      <HelpTOCNode Id="81a88c25-b7a8-4611-ad96-448279f47bd4" Title="WeaponEditor Fields" Url="html/Fields_T_Deadsouls_Creator_WeaponEditor.htm">
        <HelpTOCNode Title="filepath Field" Url="html/F_Deadsouls_Creator_WeaponEditor_filepath.htm" />
      </HelpTOCNode>
      <HelpTOCNode Id="b3df1ec3-05a3-43b5-a148-1d918db5963b" Title="WeaponEditor Methods" Url="html/Methods_T_Deadsouls_Creator_WeaponEditor.htm">
        <HelpTOCNode Title="Dispose Method " Url="html/M_Deadsouls_Creator_WeaponEditor_Dispose.htm" />
      </HelpTOCNode>
    </HelpTOCNode>
  </HelpTOCNode>
</HelpTOC>
